Position;Player Name;Alliance;Points
1;AIamet;;2,277,145
2;KULAKSIZ TAVŞAN;;2,252,102
3;zwaya9;;2,058,000
4;Alpha;;1,890,944
5;Legend of Arabs;;1,283,231
6;-FORZA-;CRZY;1,250,325
7;Jason-6243;CRZY;1,232,601
8;Italy Bank;CRZY;853,815
9;orgeneral35;Org;764,336
10;Tierra Santa;LGS1;696,760
11;Givati;LGS1;571,795
12;GENERAL;HKMDR;508,250
13;trans17;HKMDR;385,258
14;Zucko;HKMDR;315,583
15;orfeo;HKMDR;252,837
16;Chaos;-Z-;207,692
17;Kawaki-IX79;-Z-;200,195
18;Dream Factory;TRP;198,478
19;--RiCkY--;TRP;190,015
20;Om Lotfi;R-F;153,826
21;Ragnar Lodbrok;R-F;152,841
22;TheBit;One;148,382
23;BOSHxGAR;One;127,699
24;Hell Dennis;One;114,098
25;ST Grun Katsie;One;109,401
26;EnMovimiento;1234;97,947
27;Surt;-Z-;94,539
28;Merk;-Z-;92,307
29;stay with me;ROHAN;89,552
30;Bartolomeo;IDF;85,695
31;RewenGe;CRZY;85,527
32;OLYMPIAKOS -7-;HΕLL;80,794
33;Aquarius;KaoS;77,387
34;kanenas;HΕLL;77,142
35;Crux;HΕLL;65,776
36;Ciccio;KaoS;63,879
37;Nezhah;KaoS;62,795
38;THOR;WOLF;62,049
39;polemarxos78;HΕLL;61,733
40;GREEK PUNISHER;HΕLL;52,824
41;DAYAKCI;CRZY;49,451
42;Anti;-Z-;48,289
43;brunoB;-Z-;44,910
44;NoName;LIONS;42,340
45;Corleone;-M-;40,604
46;-SuKuNA-;KaoS;40,311
47;Edu;H3LL;39,647
48;3D1H40B3K;RATS;38,727
49;Rudeus;KaoS;38,652
50;Junior;KaoS;38,203
51;ZEUUS;HΕLL;37,786
52;Black Lion;CRZY;37,214
53;Mr Han;ROHAN;36,617
54;Abaddon;ZELA;36,492
55;vllakaa;CRZY;36,256
56;Commander;SOWRD;36,026
57;Magneus Calagar;SOWRD;34,673
58;FakeTaxiDriver;HdB;34,611
59;cybertronloco22;CRZY;33,814
60;Suggit;GoCry;33,080
61;The UGA UGA;-Z-;32,993
62;WWZ;GoCry;32,275
63;LoboBlanco;WOLF;31,790
64;Voda;WOLF;31,101
65;D3Moliti0nZ;WOLF;30,599
66;Dark Knight;WOLF;29,153
67;Mr Wolf;LHS;29,101
68;El Lider;-TMP-;28,970
69;AUGUSTO MAXIMUS;BRA;28,498
70;Don Quetzali;BRA;28,309
71;Bash;RUS;28,250
72;VIRGO;KaoS;28,249
73;Skipper;RUS;28,079
74;StOn3;SPlCY;27,667
75;ecodor;FRA;27,582
76;Micellium;FRA;27,366
77;Troy;ROHAN;26,933
78;Hyla Arborea;-12-;26,612
79;Dear Logistis;-KG-;26,439
80;Destroyer;-Z-;26,127
81;Warlord Xenos;-Z-;25,883
82;Dosadnomi;-Z-;25,707
83;Dervin;WOLF;25,401
84;Zerks;-Z-;25,242
85;Krinof;HΕLL;25,011
86;Illenium;-TMP-;24,854
87;AKSOY;ROHAN;24,815
88;WitcheR;ZELA;24,640
89;CapBorba;WOLF;24,553
90;FREY-;WOLF;24,448
91;-ESTRANEO-;WOLF;23,554
92;abel280;-UNI-;23,060
93;Tardeli;-KG-;22,979
94;_Akıncı_;-KG-;22,946
95;kaptanihti-me;CRZY;22,855
96;Davide 102;ROHAN;22,787
97;Felipe Regreso;ROHAN;22,628
98;eduardo;WOLF;22,623
99;Bedovyj;WOLF;22,587
100;Dende;KaoS;22,422
101;pindik mdejdara;WOLF;22,105
102;SKRULL;Art;21,902
103;Julius Caesar;Art;21,847
104;themanwithfire;LIONS;21,837
105;Pelasgos-1975;-KG-;21,668
106;tj0955908180;-KG-;21,534
107;BlackDranzer;WOLF;21,424
108;dormiara;CRZY;21,321
109;Siusio;CRZY;21,134
110;wolverine;-Z-;21,097
111;Druid;CRZY;20,981
112;Karpa;CRZY;20,767
113;VinniTheBish;-KG-;20,765
114;kaminia7;HΕLL;20,757
115;Elite24;WOLF;20,728
116;Donseros;Fuo;20,714
117;Hůča;WOLF;20,645
118;el_jefe;-TMP-;20,502
119;NudeBOSS;CRZY;20,462
120;Ogokuru;-Z-;20,349
121;Koby;-Z-;20,278
122;MonteKarlo;ZELA;20,228
123;Vlad IV;HdB;20,093
124;Malihka;HdB;19,835
125;CrisRonaldo PZ8;Art;19,726
126;Swieber;CRZY;19,657
127;Sco-dub-t;GoCry;19,420
128;Kyrie Eleison;LIONS;19,384
129;Captain Hook;D-N;19,359
130;-Storm-;H3LL;19,274
131;Apollyon;LIONS;19,116
132;ZzZevSsS;RUS;19,071
133;Kastike is back;PUTU;19,056
134;chalks;HUN;18,861
135;maIvasio;-TMP-;18,834
136;MYXA;RUS;18,746
137;Sultan;RUS;18,726
138;RAGNARLOTBROK;CRZY;18,611
139;rootedkernel;BoB;18,493
140;Hermes-X;RING;18,481
141;Thorn;GoCry;18,346
142;Kopar;LIONS;18,242
143;Śpioch;CRZY;18,021
144;Gole;WOLF;17,926
145;ALF;RUS;17,925
146;Olórin;CRZY;17,835
147;Fakka;-12-;17,833
148;Georgia;CRZY;17,823
149;harry74;CRZY;17,804
150;Masterboss;ZELA;17,801
151;Lightsider;HΕLL;17,760
152;Namor;HΕLL;17,754
153;Junior Engineer;-BRT-;17,679
154;Spiteful Mr J;BoB;17,623
155;bertolazy;BoB;17,605
156;DeathBlade;-LT-;17,591
157;Peasant;Ble;17,578
158;-Angelo-;HKMDR;17,437
159;Depressive Wolf;WOLF;17,417
160;DELTA FORCH 1;CRZY;17,390
161;TheForeigner;-Z-;17,360
162;Minoas21;HΕLL;17,269
163;deathpikachu;-12-;17,256
164;Rudy;CRZY;17,228
165;Rokasmdls;RATS;17,200
166;Mute;-TMP-;17,118
167;OptimizasyoN;CRZY;17,113
168;WETERAN;WOLF;17,066
169;The ShaDoW;-SL-;17,024
170;Alex Herakles;-TMP-;16,977
171;KocaKurt;CRZY;16,929
172;Setesh;CRZY;16,921
173;Anita;-TMP-;16,814
174;Onzzaah;WOLF;16,779
175;dooomTCDISPO;FBG;16,774
176;Peleus-1401;FBG;16,700
177;Randomizer;HΕLL;16,635
178;Okton;BoB;16,600
179;tienheo951;BoB;16,500
180;Hustla;HΕLL;16,454
181;Strandi;CRZY;16,427
182;Captain-Crazy;HdB;16,367
183;OrionΩ;HdB;16,346
184;KOCA KURT;CRZY;16,295
185;BeYaZ;ZELA;16,288
186;samson438;-Z-;16,236
187;Covax;-Z-;16,235
188;Stavros;-Z-;16,216
189;Regalya;HKMDR;16,157
190;Stranger;HKMDR;16,148
191;M1AV;CRZY;16,119
192;Mads99;CRZY;16,118
193;Matis_445;CRZY;16,100
194;Agamemnon-6042;CRZY;16,078
195;spartan-Z;CRZY;16,049
196;Ratchet;-Z-;16,019
197;PIXULUCO;-Z-;15,950
198;Lalu;HFH;15,923
199;Anaximandro;ROU;15,906
200;Velvit;-KG-;15,895
201;TOTO1333;-BG-;15,886
202;Viticoltore;-BG-;15,873
203;N1kTakN1k;RUS;15,812
204;David9810;RUS;15,715
205;Daedalus-8820;RUS;15,687
206;Hector7;H3LL;15,533
207;_BUG_;-SL-;15,473
208;KingKralj;-Z-;15,446
209;Chingy22;GLAD;15,440
210;Dionisio;TCC;15,413
211;איבן;TCC;15,340
212;ALASTOR;-RF-;15,324
213;Granger;HdB;15,307
214;PINOYRAIDER;HdB;15,276
215;owusum;ZELA;15,273
216;Revolution;CRZY;15,254
217;hacker0077;CRZY;15,211
218;Pazi;WOLF;15,193
219;nhiel17;CRZY;15,179
220;La Herencia;-TMP-;15,112
221;Daedalus-5851;-TMP-;15,090
222;DerpKingdom;GoCry;15,070
223;Baltaz;WOLF;15,022
224;ASSASSIN;-BG-;15,019
225;BILL74;D-N;15,013
226;Arny;CZSK;14,988
227;Ohaitti;-LAT-;14,921
228;hawk;-12-;14,746
229;Hartmann;Art;14,719
230;Doktor Bu Ne;BoB;14,566
231;Tonque;WOLF;14,478
232;Zonti;RATS;14,448
233;Frkn38;RATS;14,427
234;Brew;GLAD;14,421
235;Optimus Vasil;HFH;14,394
236;Xristaras1983;H3LL;14,357
237;Miss Sorrow;ROHAN;14,349
238;Till 1;HdB;14,301
239;Backtun96;CRZY;14,284
240;SDVANDAL75;WOLF;14,173
241;Lori x Viti;WOLF;14,126
242;YGAFSCIER;CRZY;14,105
243;Jérôme;-TMP-;14,084
244;katz778;-TMP-;13,961
245;Tonnee;HdB;13,940
246;Math;HΕLL;13,912
247;ALUCARD;HΕLL;13,888
248;Acid;HdB;13,848
249;Rouxpie;H3LL;13,808
250;George;H3LL;13,789
251;Deinemutti;WOLF;13,785
252;Haizea;-TMP-;13,771
253;_ShinGeK1_;-TMP-;13,770
254;Coven;-BRT-;13,698
255;Serko;WOLF;13,656
256;SonyERNI;WOLF;13,652
257;Abusador;-TMP-;13,648
258;CHAMP14NS;-TMP-;13,642
259;Hephaistos;-BRT-;13,585
260;Achilles-1287;ROHAN;13,540
261;Sanji;WOLF;13,528
262;ZxCy;CRZY;13,509
263;Hermes;-RF-;13,445
264;Yoshi;GoCry;13,441
265;Tinyvang;SSJ;13,435
266;LordGeorge;HΕLL;13,387
267;Burrow;ROHAN;13,378
268;Alone;ROHAN;13,341
269;KIZAGAN TENGRİ;CRZY;13,325
270;LeGwer;FBG;13,318
271;Hefastion;VY-;13,302
272;leniadora;Numén;13,285
273;С-Николов;-BG-;13,279
274;Vigilanti;HFH;13,276
275;F a S p i t C h;GoCry;13,264
276;FfFboy2;WOLF;13,251
277;Rapaic;WOLF;13,192
278;Стоян;-BG-;13,175
279;Lazar the Great;-BG-;13,166
280;-Pollux-;-RF-;13,129
281;Kingerino;WOLF;13,123
282;Yatta-Senpai;HFH;13,110
283;krisloczek;AXI;13,106
284;Fireman007;LIONS;13,087
285;Eisenhower;-KG-;13,086
286;Ready2Die;CRZY;13,060
287;Overby;LIONS;13,033
288;Acrylux;LIONS;12,993
289;Wall-E;ZELA;12,961
290;Achilles-1987;ZELA;12,954
291;At44ck;ZELA;12,947
292;SworD;-BG-;12,902
293;Che Guevara;-BG-;12,866
294;ulix;-Z-;12,838
295;Sl3AWY;LIONS;12,768
296;Meisterhaft;-Z-;12,762
297;RXTS;WOLF;12,753
298;Coso;CRZY;12,751
299;Devil;RUS;12,723
300;Chevy;-SL-;12,703
301;Eventual;ZELA;12,695
302;Valentino78;LIONS;12,635
303;Rondo;LHS;12,633
304;AegonTheDragon;LHS;12,577
305;P_King;CRZY;12,551
306;Going Merry;WOLF;12,547
307;Daniellmp PZ8;Art;12,530
308;OmEer;Art;12,470
309;Termuguş;-UNI-;12,435
310;Rhyman;WOLF;12,435
311;Artemisa;ROHAN;12,419
312;King-Rogle II;-Z-;12,414
313;yuza;ROHAN;12,380
314;Jack Nalyus VI;-KG-;12,373
315;diabolik;CRZY;12,365
316;370k;solo;12,349
317;Lydeka7;CRZY;12,293
318;exit;GoCry;12,283
319;Jafoste;PINOS;12,267
320;indy;-BRT-;12,261
321;ARES;WOLF;12,256
322;Atlas-8473;-BRT-;12,250
323;O6JLOMYC;-BRT-;12,244
324;Yoshi64;-TMP-;12,225
325;Misulica;-KG-;12,184
326;King Chaos;WOLF;12,171
327;RoyakZ;ZELA;12,157
328;Zinanity;-BRT-;12,107
329;13JuaN;-BRT-;12,099
330;Tydeus27 PZ8;Art;12,095
331;mota51;-KG-;12,028
332;Loppodopolis;-KG-;12,009
333;Nix;CRZY;11,931
334;Infiltrator;CRZY;11,875
335;cekidaut;-M-;11,865
336;Sarasxxl;RATS;11,813
337;Lord Velaryon;-Z-;11,788
338;MAUPA;-Z-;11,663
339;GOMAMOG;-Z-;11,635
340;ERAS;CRZY;11,623
341;Legio22;ZELA;11,619
342;matelis84;ZELA;11,582
343;MAGRAV;CRZY;11,576
344;Dahu;FRA;11,573
345;YourFather;WOLF;11,554
346;Signvs;HFH;11,541
347;White Beard;H3LL;11,525
348;Baybars;CRZY;11,463
349;LucioSilla;-UNI-;11,456
350;maik51;WOLF;11,449
351;Danilo Marley;Art;11,449
352;B Ε R S E K E R;Art;11,416
353;Zlatan;LIONS;11,376
354;Reddragon;HdB;11,293
355;ZabojczyChomik;-KG-;11,264
356;Chans0Chock;-KG-;11,262
357;Kolbeinn;-KG-;11,244
358;miky;LIONS;11,212
359;HESHAM;B-F;11,186
360;Giorgos M;H3LL;11,171
361;Pkunks;H3LL;11,166
362;Andza;WOLF;11,147
363;xJoao;M PT;11,120
364;Orpheus-2696;-KG-;11,101
365;ourania;-BRT-;11,080
366;Necemo Kolega;-Z-;11,070
367;BaladaShuffi;-Z-;11,045
368;Aikido;CRZY;11,038
369;Adonis-8914;-KG-;11,013
370;KIA;-KG-;10,984
371;zeus;GITAN;10,968
372;Mercante;SxR;10,956
373;Belgas;-LT-;10,944
374;Anubis;CRZY;10,926
375;Alpino;-SL-;10,919
376;Queen Leah;-SL-;10,916
377;ooxx1annn;CRZY;10,846
378;Sabi;HdB;10,845
379;Tsosme;H3LL;10,844
380;Avengers;LIONS;10,840
381;TROYA;HFH;10,839
382;Dragomir;HFH;10,835
383;DE_TOX;HFH;10,764
384;Leedi;Art;10,714
385;Laynas;HΕLL;10,704
386;Medivh93;RATS;10,654
387;Filo Lilo;H3LL;10,647
388;flezet;F-R;10,615
389;ishtar;CRZY;10,600
390;Andoncrysis;-KG-;10,598
391;Gp5;-BG-;10,578
392;Aaragon;WOLF;10,529
393;Palamedes-5777;CRZY;10,509
394;Divergent2;LIONS;10,504
395;KOSTAS1230;H3LL;10,503
396;zunfix;WOLO;10,494
397;Chiburator;RUS;10,492
398;Bat IVAN;-BG-;10,437
399;Granite;-12-;10,431
400;Ammarurgan;CRZY;10,422
401;Uldinsh;-LAT-;10,389
402;Hyperion;-RF-;10,350
403;Pelin su;CRZY;10,344
404;Shogun;HKMDR;10,312
405;слава80;HKMDR;10,301
406;LAAC;HFH;10,255
407;Goldmember;GoCry;10,225
408;m4trixxx;ROHAN;10,212
409;Vardamir;-UNI-;10,210
410;Marifer;WOLF;10,210
411;Hegemon-6611;HUN;10,198
412;WENest maxi;HUN;10,190
413;Cinders;-KG-;10,172
414;AQUILES;CRZY;10,154
415;الامبراطور سليم;LIONS;10,134
416;Spartacus;LIONS;10,117
417;NewZenZen;-VIK-;10,080
418;Αρβίλογλου;Numén;10,074
419;TH0R;RUS;10,056
420;bleik99;-BG-;10,051
421;KorN;FeVeR;10,019
422;Pott;AXI;9,987
423;Pachamanca;AXI;9,980
424;nadirache;AXI;9,960
425;Shizzy;WOLF;9,959
426;BalamChak;WOLF;9,958
427;malvasio;-TMP-;9,957
428;Alex1307;-TMP-;9,943
429;Trajano;-TMP-;9,912
430;Mario Banca;HBK;9,908
431;PattreZ;-BRT-;9,897
432;trigunkisez;ZELA;9,885
433;Karlos;-BRT-;9,838
434;poorko;-BG-;9,820
435;Pesukone;PUTU;9,765
436;PolluxXx;PUTU;9,731
437;Kalsu;PUTU;9,707
438;ΤΣΠΡΓΑΜ;PUTU;9,659
439;Distrox;-BG-;9,646
440;Стёпыч;-BG-;9,638
441;Plamen 65;RUS;9,614
442;Expecimin;-KG-;9,613
443;Gigi;-KG-;9,571
444;Chainsaw Man;-KG-;9,520
445;Moutro;SOI;9,504
446;Drizzter88;SOI;9,502
447;RespecT;CRZY;9,490
448;HruHru777;CRZY;9,486
449;DBang1214;CRZY;9,451
450;Jason-9846;D_T;9,438
451;SlowPanda;-LAT-;9,371
452;Arutha;-BG-;9,368
453;Urukhai;CRZY;9,360
454;Prometheus-0591;ROHAN;9,358
455;Captain4s;Mine;9,342
456;likker105;-O-;9,324
457;Demetrio;CRZY;9,301
458;PUNISHER 1;-BG-;9,295
459;BravE HearT;LIONS;9,287
460;HasBasTras;-TR-;9,277
461;FELER;-TR-;9,275
462;Razdolbait;-TR-;9,272
463;BarbieGirl;BoB;9,266
464;byagan;CRZY;9,215
465;Orden Templaria;-TMP-;9,215
466;Netflix;-TMP-;9,209
467;Zazz;RATS;9,203
468;Achilles-1855;RATS;9,201
469;KaKBo;H3LL;9,176
470;σειριος;-KG-;9,174
471;Eldayden;-SL-;9,146
472;kPusti;LIONS;9,134
473;Emrock;ZELA;9,099
474;Koninos2;ZELA;9,099
475;Theseus-3698;ZELA;9,065
476;Saitama;CRZY;9,061
477;25night;BoB;9,053
478;V I R U S;BoB;9,050
479;choco;BoB;9,049
480;Славов;-BG-;9,038
481;Sarge1;-Z-;8,986
482;Comical;-KG-;8,983
483;suzukitp;Art;8,962
484;-Hercules-;-RF-;8,947
485;X-Treme;-RF-;8,894
486;Theseus-1468;-RF-;8,889
487;RHOMARO;-KB-;8,864
488;Terere619;BoB;8,844
489;llama;BoB;8,842
490;Segeruz;ZELA;8,836
491;kastor93;ZELA;8,832
492;Icarus-8984;AXI;8,829
493;Tydeus-0774;DNVN;8,825
494;Fenrir;-Z-;8,791
495;NoeXceSS;ROHAN;8,765
496;The Reaper;WOLF;8,748
497;Siledzija;WOLF;8,737
498;pey;WOLF;8,724
499;jmpessanha;ZELA;8,720
500;Aman;-12-;8,705
501;luffi20;CRZY;8,668
502;srečko;MAS;8,665
503;L O R D;LIONS;8,649
504;Captain Rusty;ROHAN;8,637
505;_Stahlgewitter_;LIONS;8,629
506;halker;-LAT-;8,625
507;AZUX;-SL-;8,614
508;Tears-kinG;BoB;8,601
509;trinel;BoB;8,554
510;LuLo023;BoB;8,541
511;Grandfather;RUS;8,539
512;Wasker;RUS;8,535
513;iliakokk;H3LL;8,503
514;Captain Goshas;HΕLL;8,495
515;Tatok;HΕLL;8,494
516;PackaNaMuchu;HΕLL;8,482
517;NiksCepinatajs;WOLF;8,446
518;Baliya;WOLF;8,443
519;ZuniX;-SL-;8,434
520;DrunkUnicorn;-Z-;8,427
521;andrux;BoB;8,407
522;dann;H3LL;8,400
523;Arachn1da;CRZY;8,395
524;Baidykle;-M-;8,374
525;Behemoth;H3LL;8,372
526;Zmani-2023;CRZY;8,369
527;Mandalorian;CRZY;8,355
528;Celeus;H3LL;8,328
529;Telomian;ZELA;8,311
530;P0Iizonte;KaoS;8,300
531;Alcaa;FRA;8,300
532;sanfris;FRA;8,285
533;Mkuzmix;-LAT-;8,283
534;İhTiYaR_WOLF;CRZY;8,278
535;Smirre the Fox;CRZY;8,227
536;SHPB;HdB;8,220
537;Bluewolf;CRZY;8,217
538;XxKingxX297;BoB;8,213
539;Semisonic;GoCry;8,204
540;Fliper;GoCry;8,193
541;Napoleonne;CRZY;8,169
542;Flint;ROHAN;8,152
543;Marti;CRZY;8,143
544;DaniSce;BoB;8,142
545;Linakael;-MH-;8,137
546;Kubu;-MH-;8,132
547;Flapjack;Art;8,123
548;Ariel;Art;8,110
549;OogieBoogie;-Z-;8,106
550;mitsospre7;H3LL;8,104
551;DaLapa;;8,104
552;AodiGaming491;CRZY;8,079
553;Shrimp;CRZY;8,073
554;Emrecan_ARDIÇ;CRZY;8,060
555;Cheguevara;CRZY;8,053
556;picsi;-UNI-;8,045
557;Kardinal;CRZY;8,019
558;TROLL444;AXI;8,001
559;Wielki Powrót;ZELA;7,997
560;-JD-;H3LL;7,977
561;Capaz;BoB;7,944
562;Ivar Stora;ZELA;7,926
563;Death;-SL-;7,893
564;Kasimiro;HdB;7,892
565;EL TURCO;HKMDR;7,885
566;MrLawyer;HΕLL;7,881
567;City;HΕLL;7,874
568;Rikic;HΕLL;7,849
569;Rotor97;WOLF;7,835
570;SATAN;Mine;7,833
571;La Baronne;BoB;7,826
572;Patikimas;BoB;7,825
573;Spedy;BoB;7,795
574;LUPER;BoB;7,793
575;afa1011;RUS;7,790
576;Jackilpirata;RUS;7,782
577;Dagi 2018;RUS;7,774
578;Edmoreira21;RUS;7,761
579;SiempreMono1905;RUS;7,759
580;Rancho-dono;GoCry;7,730
581;Arxilios;H3LL;7,716
582;Stoyanov;-BG-;7,686
583;Geronimosk;CZSK;7,677
584;Bajza;-BRT-;7,641
585;The Portuguese;-BRT-;7,633
586;-SMEKERU-;KaoS;7,631
587;kristos007;FDT;7,629
588;Nils Holgersson;FDT;7,604
589;All-Mighty;FDT;7,576
590;Wint3rGhost;-SL-;7,568
591;Grin-go;KaoS;7,552
592;Peleus-9544;KaoS;7,531
593;E_Stars;KaoS;7,525
594;jonepatchon;Mine;7,523
595;KaMeR02;HKMDR;7,512
596;PiotrCH;HKMDR;7,510
597;SkayKand;HKMDR;7,505
598;blook;BLOOK;7,490
599;Locina;ROHAN;7,481
600;Raikiri;GoCry;7,473
601;Partizan;ROHAN;7,471
602;Adonis-0959;ROHAN;7,457
603;miklos08;ROHAN;7,446
604;BENICIO;ROHAN;7,445
605;Quake;-Z-;7,441
606;TristianHolsbor;H3LL;7,439
607;steve_beth;HΕLL;7,437
608;XeoN;HΕLL;7,432
609;Bjornofseek;-TMP-;7,407
610;Palhares;Art;7,404
611;SuraMan21;Art;7,394
612;yamyam;CRZY;7,382
613;SOV42;S-C;7,339
614;Frintistones;Nfree;7,329
615;SuperwishF;HKMDR;7,325
616;Ottomans;ROHAN;7,321
617;Aegon Targary84;ROHAN;7,311
618;LeoCampino;ZELA;7,304
619;Daedalus-7105;FDT;7,294
620;Akainu;-UNI-;7,273
621;Duy;KaoS;7,238
622;Peleus-8076;-KG-;7,236
623;sakiss69;H3LL;7,230
624;Ruggard13;H3LL;7,219
625;Pedro92;PINOS;7,200
626;Arcani_1;-UNI-;7,179
627;Luna;LIONS;7,179
628;BerenjenaPower;LIONS;7,179
629;Faisal Kh;Nfree;7,157
630;Er-Tugrul;CRZY;7,125
631;Karak;-UNI-;7,123
632;Chicao PZ8;Art;7,106
633;mltzr CT;IDF;7,083
634;Esen4el;-LAT-;7,066
635;PanManiš;-BRT-;7,059
636;ZvezdanNS;BES;7,057
637;Palamedes-4986;-BRT-;7,053
638;DEV;DEV;7,045
639;PUNGDOLSKI;GoCry;7,040
640;Odysseus;KaoS;7,038
641;Jolly;WOLF;6,971
642;Dqdovoto;RUS;6,951
643;Lulu;-KG-;6,935
644;MorGro;-KG-;6,935
645;Zlate;WOLF;6,918
646;Boriss13;WOLF;6,888
647;Super;-TR-;6,874
648;Morok;-Z-;6,873
649;The Skipper;IDF;6,863
650;lilfat131;ROHAN;6,836
651;Rakamadak;Art;6,811
652;Bacyl;Art;6,797
653;Gadarian;Art;6,757
654;Yggdrassil;Art;6,755
655;Halder;H3LL;6,724
656;Anderson2381;-SL-;6,724
657;Melikles;-SL-;6,722
658;Truec;RŽB;6,692
659;Zero;-MH-;6,680
660;Profa;WOLF;6,677
661;Lord Osis;WOLF;6,651
662;Lord_Draco78;-UNI-;6,651
663;Antik;ZELA;6,639
664;alligonkey_;BoB;6,622
665;D3rm1;BoB;6,605
666;tompet9;-LT-;6,595
667;ComePaloma;-LT-;6,590
668;Knight;LIONS;6,552
669;BjornAczino;LIONS;6,528
670;Jason-1636;-BRT-;6,516
671;Csajka;-KG-;6,513
672;-Marylu-;KaoS;6,508
673;HIMER;D_T;6,482
674;MajorBoży;BoB;6,481
675;caos;WOLF;6,468
676;Sebmeister;CRZY;6,466
677;Prometheus-0658;IDF;6,464
678;Daedalus-5217;IDF;6,446
679;Big Fish;CRZY;6,442
680;Sint4xis;CRZY;6,408
681;ExoForce;CRZY;6,353
682;King19;CRZY;6,334
683;Klaus;BoB;6,331
684;Sofia;-BRT-;6,326
685;Nicole;-KG-;6,320
686;dunka4a;RATS;6,316
687;Wildcat;H3LL;6,313
688;Ikarius;ROHAN;6,307
689;STAS;ROHAN;6,300
690;jacobo87;-KG-;6,288
691;BalkanBoy;H3LL;6,279
;Luchito;F-R;6,279
693;K E N E;F-R;6,276
694;Commonwealth;F-R;6,271
695;ATLANTİS;CRZY;6,267
696;Orpheus-1885;M PT;6,255
697;Damon4845;Mine;6,252
698;Odiseo96;Mine;6,250
699;Menelaus-2651;CRZY;6,243
700;sYrox;HdB;6,240
701;0rceniX;-VIK-;6,234
702;dareox;-KG-;6,227
703;dkmar11;-KG-;6,224
704;Sdy;BoB;6,222
705;Rubinum;BoB;6,189
706;Evo;GITAN;6,186
707;Alen Shezard;WOLF;6,168
708;Ronin;HΕLL;6,153
709;Dostoyev;ZELA;6,150
710;Zerberik;BoB;6,145
711;Giyuu;WOLF;6,143
712;Daroka;H3LL;6,136
713;MaksD;H3LL;6,121
714;BiggusDikkus;IDF;6,120
715;adonnis;Mine;6,116
716;NNCyclops;ROHAN;6,108
717;Bence;ROHAN;6,100
718;REVENGER;CRZY;6,079
719;ImperatorSC;CRZY;6,074
720;Atlas-9835;CRZY;6,059
721;Sizif;FeVeR;6,032
722;El Familiar;-TMP-;6,031
723;negerus;-TMP-;6,025
724;Black Rose;-TMP-;6,020
725;Dyablo;-TMP-;6,019
726;Mary;Art;6,015
727;Sartur;GITAN;6,010
728;Lil-J;One;6,000
729;tucs;Art;5,999
730;FromCrete;HΕLL;5,982
731;Avalon0725;CRZY;5,958
732;Johnwick;LIONS;5,955
733;TITAN;LIONS;5,946
734;Dimski;H3LL;5,946
735;Gordos;-Z-;5,934
736;Keyser;-Z-;5,932
737;SICARIO;-Z-;5,930
738;rikounette;FRA;5,925
739;Dwarf_Centurion;TCC;5,920
740;McNugget;TCC;5,917
;سنفور;CRZY;5,917
742;Fiza Now;Art;5,901
743;LuisCastro;Art;5,899
744;fabio2011;WAR;5,895
745;Brun;WAR;5,890
746;Xeto;CRZY;5,876
747;Renanrc7;Nfree;5,870
748;Daedalus-1651;-TR-;5,844
749;cristina;-TR-;5,838
750;LETTONIAN;-LAT-;5,827
751;BeeTarV;;5,808
752;aider;-BRT-;5,805
753;ZLAVICK;-BRT-;5,798
754;Bishop Nikolaos;H3LL;5,793
755;Benja777;WOLF;5,793
756;Filipe Matos;WOLF;5,772
757;Ahilgadyu;WOLF;5,772
758;Fury;WOLF;5,752
759;Gimli;WOLF;5,735
760;Drs;LIONS;5,728
761;Dazkol;-TMP-;5,722
762;TheBadClown;MXLAT;5,705
763;Djole;MXLAT;5,669
764;Philippus;MXLAT;5,644
765;Sequenc;HdB;5,642
766;adige66;CRZY;5,637
767;DEADPOOL;H3LL;5,621
768;Moses96;H3LL;5,618
769;EDMAN40K;Art;5,612
770;perr;Numén;5,605
771;Peleus-3209;HFH;5,530
772;Yiangoulas;H3LL;5,525
773;WillowFly;CRZY;5,524
774;Игрок;RUS;5,522
775;SIMILCE;-VIK-;5,501
776;IBS;LHS;5,500
777;PiCo;-Y-;5,495
778;StarZ;CRZY;5,463
779;Donpiel;ROHAN;5,459
780;CiprianIR;CRZY;5,452
781;Saladin;Egy;5,423
782;DUD3X;BoB;5,417
783;Achilles-4749;BoB;5,416
784;p0larys5;BoB;5,412
785;fedeise;CRZY;5,412
786;V-pils;Imper;5,400
787;Sentikai;H3LL;5,393
788;Green;KaoS;5,372
789;JoyBoy;HFH;5,360
790;Peleus-0313;AXI;5,354
791;Miric;-BRT-;5,321
792;Irvinx9;MXLAT;5,303
793;Alex50;SOI;5,296
794;Friendly Thug;SOI;5,296
795;Petervfp;-KG-;5,295
796;Leonardo;-KG-;5,289
797;SayonaraC;-BRT-;5,262
798;Regidark;-BRT-;5,253
799;Sacalul R;HdB;5,248
800;as5;HdB;5,239
801;Lich King;-TMP-;5,235
802;KIZIL;-TMP-;5,226
803;Sphinix;HdB;5,219
804;bosver;HdB;5,207
805;-Yaruki;CRZY;5,203
806;HAN;CRZY;5,179
807;gatison g;-KG-;5,164
808;METEHAN;CRZY;5,149
809;Leny_LV;-KG-;5,141
810;Stargate;SG1;5,133
811;ladomado;ROHAN;5,114
812;Brunoestonia;ROHAN;5,063
813;Likas;Art;5,045
814;-Mambanegra-;SPlCY;5,031
815;Immanuel Kant;HΕLL;5,015
816;Aras;ROHAN;5,003
817;toxon;PRXS;4,995
818;manyetic;ROHAN;4,978
819;Nasc;F-R;4,973
820;ELfursi;F-R;4,966
821;Meliodas;F-R;4,958
822;desperat;-BRT-;4,949
823;Загрей;-BRT-;4,943
824;supraNO;-KG-;4,942
825;N3iker;RŽB;4,941
826;Fozzie Bear;RŽB;4,938
827;princegubbio;-BRT-;4,907
828;Trayan;-TR-;4,904
829;Ziandor;-TR-;4,903
830;Leons;-TR-;4,882
831;EllyR;-TR-;4,867
832;Loomis;CRZY;4,861
833;ReeeF;HivE;4,844
834;ZAZARALI;HKMDR;4,844
835;Zfellwar;GoCry;4,819
836;kAndyy;LIONS;4,816
837;Justiciero;-TMP-;4,815
838;Istra;-Z-;4,800
839;Skeerard;-KG-;4,797
840;Herakles-9040;-KG-;4,793
841;Wiesel;CRZY;4,787
842;FreeWaterMelon;CRZY;4,780
843;malinchossbg;CRZY;4,772
844;fox;HΕLL;4,770
845;August Rath;CRZY;4,762
846;SupRiZe;-SL-;4,753
847;dride5;Dozzi;4,748
848;Reese_Ghana;Dozzi;4,739
849;Mateo;FRA;4,739
850;ImPacto;H3LL;4,735
851;NikoQuagliato95;;4,726
852;galtxagorri;ZELA;4,698
853;MCB;CRZY;4,688
854;War Child;WOLF;4,670
855;TheDoctor;GoCry;4,663
856;Dockington;GoCry;4,650
857;Valkirya;GoCry;4,618
858;Parilicium;GoCry;4,618
859;poliuks;H3LL;4,618
860;Atlas-9409;H3LL;4,617
861;Green knight;H3LL;4,615
862;Jason;H3LL;4,591
863;Yaramov;-Z-;4,590
864;Mac;LEG X;4,590
865;Julian93;-TMP-;4,586
866;Primito 7;-VIK-;4,585
867;Buckalako;-VIK-;4,576
868;Palestine Rules;-VIK-;4,567
869;Kunabar;HKMDR;4,531
870;edoardo1235;HKMDR;4,526
871;ZEKY;HKMDR;4,516
872;LHappyness;HΕLL;4,501
873;herakleta;SPTÑ;4,485
874;Brook_9;SPTÑ;4,469
875;GRAIKOS;-GR-;4,461
876;CuCo;ZELA;4,452
877;Han Solo;Art;4,446
878;jjfillin;-SL-;4,416
879;YourNightmare;H3LL;4,406
880;Unozen;H3LL;4,404
881;vassaras;H3LL;4,397
882;sachaBoey;CRZY;4,391
883;Chielo;Art;4,388
884;fotis rx8;Art;4,383
885;Jhonbreinny;PRXS;4,368
886;Krizi;-BRT-;4,359
887;Thecrazybora;H3LL;4,351
888;Alexander;HΕLL;4,343
889;Maakas;HΕLL;4,341
890;Sykario;-MH-;4,319
891;titan73;FRA;4,294
892;AgusBaldo1;SxR;4,293
893;Khameria;CRZY;4,291
894;Ambromendi75;-VIK-;4,290
895;Zodiac;-VIK-;4,245
896;Kiki;-UNI-;4,230
897;kris;-UNI-;4,228
898;Stwy;PRXS;4,222
899;SosiOne;-BRT-;4,217
900;guizones;-BRT-;4,194
901;madsptak;SSJ;4,188
902;Computerkranker;HdB;4,163
903;LuanSP2;RIP;4,159
904;Vlad Dracul;-ROM-;4,155
905;Toncsika;-ROM-;4,124
906;Pokeboku;CRZY;4,123
907;David;IDF;4,116
908;Psiche;IDF;4,107
909;Doomsday;-Z-;4,092
910;Ziller;KLX;4,085
911;KingOfAegean;KLX;4,080
912;Atlas-0054;Nfree;4,075
913;slawek1kom;Nfree;4,072
914;Kac-Jac;Nfree;4,056
915;Kosyak;-UNI-;4,042
916;Slayer;ZELA;4,039
917;TRELARAS;ZELA;4,034
918;Adam;CZSK;4,027
919;Ada;Mine;4,024
920;Agamemnon-8532;Art;4,011
921;NaNo;-Y-;3,996
922;Rubius;-Y-;3,985
923;Karahan;CRZY;3,983
924;el_boss;CRZY;3,974
925;Drax;IDF;3,967
926;Lapepadisoreta;KaoS;3,956
927;Marco4all;KaoS;3,947
928;Lithuania;CRZY;3,933
929;SapukaWin8;CRZY;3,933
930;Batistuta;CRZY;3,931
931;One;CRZY;3,919
932;Herakles-7336;CRZY;3,912
933;sampita;-BRT-;3,891
934;undeadhunter;-KG-;3,887
935;SherIock H;HFH;3,884
936;TrevasNegras;HFH;3,880
937;Delux;HFH;3,876
938;cefiro2;HFH;3,856
939;lnsurgent -R;LIONS;3,843
940;TMLeche;-UNI-;3,840
941;Blaco86;CRZY;3,838
942;Boomboompov;-LAT-;3,836
943;mr samppa;kebab;3,835
944;Baches erobrer;-Z-;3,834
945;meitenben;-Z-;3,828
946;AdlC;-Z-;3,810
947;Hertug;-Z-;3,803
948;Lupus;WOLF;3,779
949;Beduin2137;WOLF;3,779
950;Punisher;CRZY;3,772
951;ScreaMachine;CRZY;3,760
952;Icarus-9430;CRZY;3,756
953;MUNNE;-KG-;3,755
954;primi899;-KG-;3,747
955;Theseus-2187;-KG-;3,743
956;Ophia;BoB;3,720
957;Zen96;CRZY;3,714
958;CevizEfendi;ROHAN;3,706
959;sapao00;KaoS;3,703
960;Zev;ROHAN;3,702
961;Gweicha;-LAT-;3,694
962;Ceca;-TR-;3,691
963;Old Lion;HdB;3,683
964;Mahoraga;HdB;3,677
965;Sepia;HdB;3,676
966;FoxGirl;CRZY;3,666
967;WARFUN;HΕLL;3,661
968;Władca Plemion;-UA-;3,574
969;alanbj360;-UA-;3,550
970;Siegbert;-UA-;3,527
971;Publio Cornelio;GapPo;3,523
972;Junkoko;GapPo;3,522
973;Konstantin;GapPo;3,504
974;KACHANI;ZELA;3,494
975;Plasmos;RIP;3,461
976;Menly;-KG-;3,453
977;Párduc;-PD-;3,452
978;GoCry123;-PD-;3,446
979;Psiche20;-PD-;3,424
980;Mr Prince;-PD-;3,421
981;beta;-PD-;3,419
982;moshelei1;IDF;3,419
983;Dedalos;FLX;3,419
984;Mec;H3LL;3,417
985;EarthisFlatt5;-LT-;3,413
986;Untalalan;-LT-;3,410
987;VIRIATUS;-LT-;3,407
988;Khamul;-LT-;3,403
989;Erseris;CRZY;3,395
990;DIVINA;CRZY;3,394
991;BaRBaRoS;-SL-;3,393
992;pqkhiem;-BRT-;3,392
993;Xaml101;-BRT-;3,380
994;Apollo;-BRT-;3,378
995;CoreB;BoB;3,369
996;Vedra;BoB;3,358
997;phylakes;BoB;3,357
998;Cthony;CZSK;3,346
999;Thomas78;-KG-;3,338
1,000;S A T A N;FeVeR;3,337
1,001;dogukan;CRZY;3,335
1,002;kuzeyyıldızı;CRZY;3,330
1,003;Osmanlı76;ROHAN;3,314
1,004;TasPats;ZELA;3,314
1,005;Gina98;ZELA;3,303
1,006;Смешарик;ZELA;3,291
1,007;Peleus-2291;ZELA;3,283
1,008;Sprenger;ZELA;3,264
1,009;Voyage;-M-;3,263
1,010;Wylde;ROHAN;3,260
1,011;zador;ROHAN;3,258
1,012;Scorpion99;ROHAN;3,245
1,013;DASOBRINO;Art;3,221
1,014;JohnyWalker;HFH;3,217
1,015;BUNIO;ZELA;3,213
1,016;Ron17;IDF;3,194
1,017;Taz;-BRT-;3,184
1,018;Qaisious;-BRT-;3,156
1,019;Vovchik;-BRT-;3,156
1,020;Gabrielele;-TMP-;3,146
1,021;Wine Lover;H3LL;3,142
1,022;PELELE;-KG-;3,140
1,023;DoGo;HFH;3,138
1,024;zły;-KG-;3,133
1,025;SuperEzio;-KG-;3,124
1,026;Kiwikiller;CRZY;3,116
1,027;Chivakike;VY-;3,108
1,028;Mud;HivE;3,108
1,029;dartmoor;-eu-;3,075
1,030;Theseus-2355;-eu-;3,074
1,031;eamunguia23;MXLAT;3,062
1,032;Thaar;WOLF;3,036
1,033;Amazon-Lily;WOLF;3,032
1,034;Napromieniowany;WOLF;3,014
1,035;RuLe;WOLF;3,011
1,036;Bella Luna;WOLF;3,007
1,037;ΛΥΚΟΣ1;Art;3,000
1,038;Burak yaman;ROHAN;2,992
1,039;Calypso;ROHAN;2,991
1,040;Jaky9;ROHAN;2,987
;Elias elef;H3LL;2,987
1,042;Mornar;ZELA;2,979
1,043;-TINA-;-UA-;2,975
1,044;TuRGoN;LIONS;2,971
1,045;fab;-Z-;2,969
1,046;aloena;-Z-;2,961
1,047;LooKing;LHS;2,951
1,048;Adryaysha;LHS;2,937
1,049;BloodRain;-Z-;2,933
1,050;Rafalpl;H3LL;2,929
1,051;-edy-stark-;ZELA;2,922
1,052;Mokosucio;ZELA;2,906
1,053;Avenger;GoCry;2,897
1,054;Alpha W;-LAT-;2,880
1,055;Empire;CRZY;2,880
1,056;W I T C H E R;CRZY;2,878
1,057;Faraco;BoB;2,877
1,058;Malévola;BoB;2,868
1,059;Guardare;BoB;2,864
1,060;Wea;BoB;2,863
1,061;Negari;BoB;2,856
1,062;Imprez;H3LL;2,847
1,063;V Y T I S;H3LL;2,819
1,064;Euler;-KT-;2,809
1,065;gin;-KT-;2,808
1,066;Alex barmen;-KT-;2,798
1,067;Matt;WOLF;2,798
1,068;King Crimson;-KG-;2,796
1,069;lza dansk;WOLF;2,790
1,070;Daedalus-6889;CRZY;2,786
1,071;CUBI892;CRZY;2,780
;Atlas-9777;CRZY;2,780
1,073;GRIFIN;CRZY;2,775
1,074;Moby Dcik;-LAT-;2,774
1,075;Panda;-LT-;2,755
1,076;AtHoM;WOLF;2,753
1,077;Kreatiivs;WOLF;2,730
1,078;EL WACHO;SPlCY;2,729
1,079;aDiL16;SPlCY;2,722
1,080;Davy Jones;SPlCY;2,719
1,081;Rem08;SPlCY;2,707
1,082;Fløki;ROHAN;2,705
1,083;Reli;CRZY;2,698
1,084;kekec;AXI;2,684
1,085;Andreseduardog;-BRT-;2,680
1,086;Katerina;-BRT-;2,672
1,087;Astrix;-Z-;2,670
1,088;Davy Jones BR;-VIK-;2,668
1,089;El estafador;Agg54;2,633
1,090;Gojo;Agg54;2,633
1,091;JayJS;-BRT-;2,632
1,092;Chomper;CRZY;2,627
1,093;Kaskote;CRZY;2,622
1,094;pinxos;CRZY;2,609
1,095;SdG10;Nfree;2,588
1,096;Valeris;-KG-;2,583
1,097;Printz70;Nfree;2,582
1,098;Moses dz;Nfree;2,560
1,099;miansc;Nfree;2,546
1,100;Haquira;-VIK-;2,546
1,101;Kerberus;-KG-;2,544
1,102;Matthew;KaoS;2,528
1,103;Motta45;-KG-;2,523
1,104;Pollux-7658;-KG-;2,515
1,105;Bakalao;BoB;2,514
1,106;ntnlbar;BoB;2,513
1,107;Adonis-7632;BoB;2,508
1,108;LORD 13;SOI;2,502
1,109;malton;SOI;2,495
1,110;AZTECA;SOI;2,487
1,111;Αγησίλαος;DRA;2,483
1,112;LittleBigQuebec;-12-;2,483
1,113;TKSR;IDF;2,481
1,114;THES;IDF;2,481
1,115;el813;RUS;2,479
1,116;Señor;H3LL;2,479
1,117;KingAristos;H3LL;2,478
1,118;Blackfyre;ROHAN;2,466
1,119;S o n A;FeVeR;2,462
1,120;Sigmat;LHS;2,443
1,121;verdugo;LHS;2,440
1,122;Воланд;LHS;2,413
1,123;mars;LHS;2,394
1,124;SubZero;LHS;2,389
1,125;Alecto;FRA;2,360
1,126;Leavemealone;-KG-;2,332
1,127;CalZeus;FLX;2,330
1,128;bleki5;FLX;2,315
1,129;Dilik;BoB;2,306
1,130;ABDUL842;BoB;2,305
1,131;Herakles-9639;BoB;2,292
1,132;GrimGuy;IDF;2,286
1,133;JONNYCANUCCIA;VIPP;2,272
1,134;englipat;CZSK;2,270
1,135;Ochsenmacht;LIONS;2,247
1,136;Verme Maldito 6;LIONS;2,245
1,137;Citus;LIONS;2,242
1,138;Meowsie;-Z-;2,233
1,139;AdroMic;-Z-;2,230
1,140;The Emperior;YOCO;2,229
1,141;andrey;-RF-;2,227
1,142;Шарташ;RUS;2,223
1,143;Pflastereule;SG1;2,220
1,144;Ahaha;SG1;2,180
1,145;crazy210048;SG1;2,166
1,146;Imperator-Tom-I;SG1;2,160
1,147;Shrekoholic;KLX;2,160
1,148;DOTA;FeVeR;2,158
1,149;trapellita;Park;2,157
1,150;IGRATA;ROHAN;2,152
1,151;Gryszard;ROHAN;2,146
1,152;Luigi;ROHAN;2,144
1,153;JulioCalca;-KG-;2,128
1,154;kzpr;-KG-;2,121
1,155;divjad123;-KG-;2,118
1,156;Menelaus-7254;IDF;2,096
1,157;Martirios;IDF;2,092
1,158;kuzgun;IDF;2,039
1,159;Gambit;M PT;2,039
1,160;TONOKAPPA;M PT;2,028
1,161;jorge silva;M PT;2,013
1,162;Lord;M PT;2,000
1,163;Druido;M PT;1,978
1,164;didi;-BRT-;1,971
1,165;Palamedes-9712;-BRT-;1,966
1,166;Zeta_TR;HKMDR;1,947
1,167;Misterio;-VIK-;1,938
1,168;Panagiwths1966;HΕLL;1,925
1,169;Herakles;KLX;1,920
1,170;Kim7;-KG-;1,916
1,171;Vasoje;-KG-;1,908
1,172;LeGwer716;GAULE;1,898
1,173;Javi702;GAULE;1,895
1,174;Nagat0 Pg5;GAULE;1,895
1,175;BadRobot;H3LL;1,893
1,176;Uruguayo;-UNI-;1,891
1,177;Pelitro;WOLF;1,879
1,178;Dingo;BoB;1,870
1,179;Sorones;WOLF;1,866
1,180;GrDream;H3LL;1,858
1,181;Karlito;-KG-;1,849
1,182;Dante_23;KRAK;1,838
1,183;crespo92;CRZY;1,833
1,184;REBEL 07;LIONS;1,808
1,185;soydemadera;11111;1,807
1,186;Dero;RUS;1,803
1,187;Capt BlackBeard;RIP;1,800
1,188;Alluuu is back;RIP;1,783
1,189;ERROR1;IDF;1,775
1,190;Icarus-0536;IDF;1,763
1,191;Major;LIONS;1,739
1,192;Effix;-UNI-;1,738
1,193;Shlugit;-UNI-;1,733
1,194;Paulos;HΕLL;1,715
1,195;Atlas-6872;HΕLL;1,713
1,196;Heirdo;-UNI-;1,708
1,197;balerion;H-00;1,707
1,198;Sharoumanos;H-00;1,705
1,199;Nadie;H-00;1,701
1,200;Navor;H-00;1,701
1,201;Herakles-8504;;1,691
1,202;Cat_123;CRZY;1,686
1,203;Nino;H-00;1,681
1,204;NeYzeN;CRZY;1,666
1,205;WanliGenco;-KG-;1,659
1,206;Zaki;-KG-;1,653
1,207;mattaiod;-Z-;1,638
;Janis;-LAT-;1,638
1,209;ZER0;-LAT-;1,626
1,210;Prometheus-6872;-LAT-;1,611
1,211;carsobig;-LAT-;1,606
1,212;Manusousa;Art;1,603
1,213;Anakonda;Art;1,597
1,214;Auslander;Art;1,596
1,215;Krzysztof Bosak;PIS;1,596
1,216;ProRasta_PL;PIS;1,595
1,217;Sound11;BoB;1,595
1,218;OpheliosG;M PT;1,590
1,219;Mister305;RIP;1,588
1,220;Dead_blood;KaoS;1,577
1,221;Homelander;ROHAN;1,576
1,222;OldMokum;ROHAN;1,564
1,223;nugueira;-Z-;1,552
1,224;Theseus-5202;-Z-;1,545
1,225;ToT;FeVeR;1,541
1,226;modenas;FeVeR;1,531
1,227;Shawabkeh;FeVeR;1,531
1,228;Nielandai;RATS;1,522
1,229;BlaZe;ZELA;1,521
1,230;Gia;-KG-;1,518
1,231;sidius;IMP;1,502
1,232;JURAS 35;IMP;1,492
1,233;WujekPiotrek;IMP;1,477
1,234;-Orochimaru_;IMP;1,475
1,235;MojoTC;H3LL;1,473
1,236;Prometheus-6255;H3LL;1,467
1,237;ofk44;H3LL;1,465
1,238;Gato;H3LL;1,463
1,239;Skiaxtro;GoCry;1,462
1,240;Nezbaraa;GoCry;1,447
1,241;S boy;FaT;1,441
1,242;Orpheus-6721;FaT;1,429
1,243;Mando;LIONS;1,426
1,244;the GrandSon;LIONS;1,415
1,245;vomi;LIONS;1,412
1,246;oskuridd;PRXS;1,410
1,247;modran1458;slo;1,407
1,248;WILLINGER;CRZY;1,404
1,249;Grippo;RUS;1,403
1,250;Kakashi;H3LL;1,402
1,251;regio;;1,399
1,252;Hegemon;CRZY;1,399
1,253;Zdeno;CRZY;1,398
1,254;Gabow135;HFH;1,383
;Adamoss8;HFH;1,383
1,256;Lelo;BoB;1,376
1,257;GoProMan;RIP;1,375
1,258;Kimberly30;-VIK-;1,359
1,259;KAYSER;-VIK-;1,358
1,260;senseo;-VIK-;1,350
1,261;DessiHBurga;-VIK-;1,347
1,262;Lacafaca;-VIK-;1,347
1,263;Sarge2;-Z-;1,344
1,264;SUN;LIONS;1,341
1,265;dejan15;ZELA;1,337
1,266;Konzi;CRZY;1,325
1,267;rpm7103;CRZY;1,322
1,268;Pascalou;CRZY;1,322
1,269;My8os;H3LL;1,308
1,270;HARD-2-KILL;-Z-;1,296
1,271;Hegemon-7649;-Z-;1,294
1,272;Style;Art;1,292
1,273;ExtraLeonard;Art;1,289
1,274;Howie;Art;1,282
1,275;ArielazoHBLCNP;ROHAN;1,249
1,276;TaKeShiKoVacS;KaoS;1,245
1,277;mimi pouce;FRA;1,230
1,278;MoKiyU;-VIK-;1,225
1,279;Celaena;-TMP-;1,219
1,280;Mr Greed;GoCry;1,218
1,281;VRN36;GoCry;1,218
1,282;BenTornato;GoCry;1,211
1,283;miszabo1976;GoCry;1,211
1,284;Pineda28;R DRG;1,201
1,285;EME2;R DRG;1,197
1,286;KRATOS70;BRA;1,196
1,287;DanteV;BoB;1,194
1,288;HCF;-FM-;1,191
1,289;Skorpio-65;-FM-;1,190
1,290;ImLegend;-KG-;1,188
1,291;Nemes;-KG-;1,187
1,292;TylerJcos;-KG-;1,179
1,293;Hegemon-9058;-KG-;1,176
1,294;Wodenz;-KG-;1,173
1,295;Orpheus-2187;-KG-;1,171
1,296;mike;-KG-;1,170
1,297;1Up;F-R;1,168
1,298;Lava human;F-R;1,167
1,299;SuperDante;F-R;1,165
1,300;DenizCan;CRZY;1,163
1,301;Subjugador;;1,144
1,302;Кот-Кок69;;1,139
1,303;Gladijajator;-UNI-;1,138
1,304;Tydeus-9260;-UNI-;1,136
1,305;Bagyo Diablo;-UNI-;1,132
1,306;Eduardo58;-UNI-;1,126
1,307;gurulif;-O-;1,124
1,308;B A Ş B U Ğ;ROHAN;1,122
1,309;Bullet;LIONS;1,116
1,310;Capitan J;LIONS;1,104
1,311;walter garrido;PRXS;1,100
1,312;Prometheus-2931;-KB-;1,098
1,313;sionnach;-KG-;1,091
1,314;DiyaN27;RIP;1,070
1,315;Tydeous;RIP;1,067
1,316;Atlas-0661;MXLAT;1,041
1,317;Tydeus-4617;MXLAT;1,041
1,318;Arcandor;MXLAT;1,040
1,319;Nuinu;RUS;1,036
;ΛΥΚΟΣ474;RUS;1,036
1,321;Skipper66;WOLF;1,016
1,322;Kleisthenes;WOLF;1,011
1,323;Dioniss;CRZY;1,011
1,324;Cloudrider;3512;1,004
1,325;HOOLS AT PLAY;3512;994
1,326;Paul Atreides;LGD;992
1,327;shadowFreki;-KG-;982
1,328;Artiks;-KG-;982
1,329;xyzdev59;-KG-;980
1,330;Tydeus;-KG-;980
1,331;Chumito;-KG-;979
1,332;_BedTar_;-KG-;973
1,333;Locken;CRZY;966
1,334;Ayla;Art;966
1,335;JackBaueR;CRZY;965
1,336;Kazabubu;CRZY;960
1,337;Geopso;CRZY;952
1,338;stalker;B-F;938
1,339;gnatohcxlito;B-F;938
1,340;DIBO;H3LL;938
1,341;POP-EYE;H3LL;937
1,342;Cesar Nadores;ROHAN;933
1,343;TürkAyYıldız;ROHAN;925
1,344;PRODIZ;ZELA;922
1,345;TURKO;VRG98;920
1,346;Menelaus-851059;VRG98;919
1,347;Pyzon;VRG98;917
1,348;spoki;VRG98;913
1,349;Pehlivan;Spell;907
1,350;Cid campeador;Spell;906
1,351;Stephen;-KG-;905
1,352;Agamemnon-5747;-KG-;901
1,353;Novak;-KG-;898
1,354;linciCZE;-KG-;896
1,355;KRUSER;VIP P;895
1,356;Stark;VIP P;885
1,357;HaiDuong179;VIP P;877
1,358;Cherpy;VIP P;871
1,359;Laena;VIP P;868
1,360;Eddie Spaghetti;GoCry;865
1,361;Sarge3;-Z-;860
1,362;Cambino2024;-Z-;855
1,363;TomFreecss;-Z-;852
1,364;Gelatron SND;-Z-;852
1,365;Siberia;-Z-;851
1,366;Cane;-Z-;849
1,367;MrSmitch;-12-;847
1,368;Branči132;-12-;845
1,369;Monke;WOLF;844
;Boom;WOLF;844
1,371;TOKAT;HKMDR;839
1,372;Yarduranzi;HKMDR;838
;Peleus-1695;HKMDR;838
1,374;Dalia;FeVeR;837
1,375;Streetbob;FeVeR;817
1,376;Orpheus-1734;FeVeR;816
1,377;arabforces;B-F;813
1,378;Seaman;RIP;805
1,379;REVER;RIP;802
1,380;Paradon;RIP;799
1,381;Mediolanum1;RIP;790
1,382;Wayne;RIP;787
1,383;el-;RIP;784
1,384;Rasmussen94;H-B;782
1,385;JABLAN;-BRT-;779
1,386;dukelee;-BRT-;778
1,387;Hofericka;-BRT-;769
1,388;Ducilis;-BRT-;768
1,389;Pollux-2538;-BRT-;755
1,390;JayKay;-BRT-;745
1,391;Agamemnon-2257;-BRT-;739
1,392;Prometheus-6431;H3LL;739
1,393;Bremen;H3LL;723
1,394;Bobby;H3LL;722
1,395;emzehme61;H3LL;721
1,396;Kobro;WOLF;719
1,397;MAD-40;ΑΘΗΝΑ;715
1,398;Raptor;-TR-;711
1,399;Granik Pride;CRZY;709
1,400;LeGwer3;FBG;700
1,401;Mefreey;Mine;698
;Peleus-2278;Mine;698
1,403;hillman;Mine;696
1,404;MAK27;Mine;696
1,405;Cape1;Mine;695
1,406;Belanix;Mine;691
1,407;Boss;Mine;683
1,408;JonJon;Mine;682
1,409;Dwight;Mine;675
1,410;Bashkirin;RUS;668
1,411;AirForce;ROHAN;661
1,412;Farmer;ROHAN;661
1,413;Yamaha;ROHAN;659
1,414;Pollux-6677;ROHAN;658
1,415;14julio_aguirre;ROHAN;658
1,416;Егор;ROHAN;657
1,417;_Titkos_;ROHAN;653
1,418;DumbleDore;ROHAN;649
1,419;FluffyAlpaca;RIP;645
1,420;HüKüMDaR;RIP;640
1,421;Føx;RIP;639
1,422;Cassandra;H3LL;637
1,423;Nebuchadneza088;H3LL;627
1,424;SwF;H3LL;625
1,425;MillyTrkadoBFK;H3LL;625
1,426;manu666;SxR;623
1,427;_AKINCI_;Art;623
1,428;nelo;Art;620
1,429;xflati;RUS;620
1,430;agamon;RUS;619
1,431;Falangus;RUS;619
;Pugiskos;GoCry;619
1,433;Theseus-6896;-KG-;615
1,434;Onyxas;-KG-;602
1,435;Дедушка;-KG-;600
1,436;from the future;-KG-;598
1,437;Одисеј;-KG-;596
1,438;Vampimp;-KG-;596
1,439;espartacus094;PRXS;587
1,440;апопчм;xxx;585
1,441;synyster;xxx;580
1,442;Hegemon-2407;xxx;577
1,443;Prometejas;-LT-;573
1,444;Dart;-LT-;571
1,445;Friskas;-LT-;568
1,446;Franky;-LT-;567
1,447;guyllian;-LT-;562
1,448;Don Caballo;KLX;560
1,449;Mythos;KLX;560
1,450;VanPriest;MXLAT;555
1,451;123456efsdgws;;555
1,452;Odysseus-0804;HivE;555
1,453;Dilat283;HivE;547
1,454;UNKNOWN 07;-KG-;544
1,455;Seef;BoB;540
1,456;Слоник;RUS;535
1,457;ZombieGuy;-Z-;533
1,458;majo 12;CZSK;533
1,459;Wizzard;CZSK;531
1,460;Rhaegar;CZSK;528
1,461;dzfox;-UNI-;525
1,462;تركى سعيد تركى;CRZY;522
1,463;Gargarensis_01;CRZY;522
1,464;RoziMaslacak;CRZY;521
1,465;Gentoriak;SSJ;520
1,466;Maferena;SSJ;517
1,467;LarryRivas;-VIK-;514
1,468;Herakles-3853;-BG-;510
1,469;Louay;-BG-;506
1,470;Tim_Tukllin;-BRT-;503
1,471;Jacob_10;-BRT-;501
1,472;SuperArtemius;HFH;501
1,473;Naxollus;HFH;500
1,474;Martinez de Hoz;HFH;496
1,475;YaSSeR;LIONS;492
1,476;Daedalus-7545;LIONS;490
1,477;Ludi vrabac;LIONS;488
1,478;Ganer;LIONS;487
1,479;Zephyr;FeVeR;485
1,480;Lucyo-;FeVeR;484
1,481;Cyga99;FeVeR;484
1,482;Veldora;F-R;480
1,483;Erno Rubik;-UNI-;479
1,484;Jakob;Art;477
1,485;TioZão-xXx9319;Art;475
1,486;Di_Fer_Oz;C_L;475
1,487;Bogdan94;C_L;473
1,488;PF Lechuck;-KG-;470
1,489;Tambobamba;-VIK-;469
1,490;Sabrina;FLX;468
1,491;F A L C O N;FLX;465
1,492;Damysus;FLX;465
1,493;BrendØn;H3LL;464
1,494;Yo0oz;H3LL;463
1,495;ArthuR611;ROHAN;461
1,496;N girl;FaT;461
1,497;Theseus-5620;Mine;456
1,498;yoel27;Mine;455
1,499;Λαμογιο;HΕLL;454
1,500;vergine media;HΕLL;445
1,501;PAROLA;Art;436
1,502;Harm-89;Art;434
1,503;thorfin;-UNI-;431
1,504;Zarkkus;TCC;428
1,505;Zumuva79;TCC;425
1,506;SpaceHobo;RIP;424
1,507;Sini;RIP;420
1,508;Theseus-8107;RIP;419
1,509;Espartano300;RIP;418
1,510;Rev;Nfree;416
1,511;Odysseus-1982;Nfree;416
1,512;Lil One;Nfree;416
1,513;Puskas0960;Nfree;415
1,514;Lord Tabe;Nfree;412
1,515;Amir;LIONS;411
1,516;aydin_kayaz;LIONS;410
1,517;antonissss;BoB;407
1,518;Adricz;BoB;402
1,519;DeathBringer58;BoB;400
1,520;NEBULA;CRZY;398
1,521;E75;GoCry;397
1,522;TheMerovingian;GoCry;397
1,523;GoCry Police;GoCry;396
1,524;Test 001;GoCry;395
1,525;Shawty;GoCry;394
1,526;Mathayus;GoCry;390
1,527;Ritorno;OAŞ;385
1,528;The Lawyer;OAŞ;383
1,529;gatison;OAŞ;382
1,530;Gob;OAŞ;381
1,531;Herakles-6233;OAŞ;380
1,532;Hammurabi;OAŞ;380
1,533;yizguai;OAŞ;375
1,534;MAGICO;H3LL;375
1,535;The Dolphin;H3LL;374
1,536;Helena25;H3LL;363
1,537;Tarsy;H3LL;360
1,538;Medusa-1209;H3LL;359
1,539;Lord Frieza;B G S;359
1,540;rolemius;B G S;358
1,541;Taka;B G S;354
;Wolfdred;B G S;354
1,543;AR083D;B G S;352
1,544;Bvrneerz;B G S;349
1,545;Rufas;M PT;346
1,546;Mictlan;-MH-;345
1,547;Zilco;-MH-;343
1,548;DarkShip;CRZY;342
1,549;Tarbus;CRZY;340
1,550;Theseus-0731;F-R;338
1,551;Queen_Deborah;;337
1,552;Gragas;RATS;336
1,553;Abidin080;RATS;336
1,554;SpuzvaBoB;RATS;336
1,555;slayingpingu;RATS;332
1,556;Karamouzos;H3LL;328
1,557;kl3vio;H3LL;328
1,558;Drexx;Hue;328
1,559;Beleza;Mine;326
1,560;Darkness;Mine;321
1,561;Tomas;Mine;320
1,562;Prometheus-9352;Mine;320
1,563;pg24;Mine;318
1,564;FjFlame;-Z-;318
1,565;Herchulin;FDT;317
1,566;zeze;FDT;315
1,567;OneShot;M PT;315
1,568;Breinner6894;PRXS;314
1,569;MIROLD;PRXS;312
1,570;Eluveitie;PRXS;312
1,571;Captain Maniac;PRXS;310
1,572;KXX;PRXS;305
1,573;Jo-0505;PRXS;302
1,574;Jason-0198;PRXS;301
1,575;xDonVergasx;PRXS;300
1,576;nonbt;IDF;300
1,577;CaptainGreece;IDF;300
1,578;Selena;LIONS;299
1,579;HECTOR 01;LIONS;295
1,580;minix;LIONS;292
1,581;The_Rabbit13;LIONS;291
1,582;Gaga;LIONS;291
1,583;Mr Krueger;-VIK-;291
1,584;marko_ma;-VIK-;290
1,585;Pollux-5202;-VIK-;286
1,586;GENGHIS KHAN-GK;-VIK-;284
1,587;TMC;-VIK-;281
1,588;Account172058;-VIK-;281
1,589;Tanjiro;-VIK-;278
1,590;lionsteel;-VIK-;277
1,591;Daedalus-6753;-VIK-;274
;Mateuszek;FaT;274
;Hegemon-3987;FaT;274
1,594;Jarry;FaT;274
1,595;PipitoX;FaT;273
1,596;Berkinyo;FaT;269
1,597;Testicuzzi;FaT;267
1,598;DonBento;RIP;264
;858;RIP;264
1,600;qiffrox_;RIP;263
1,601;Selocreim;;263
1,602;TUMAK1;;262
1,603;Jugador 0;;261
1,604;Nøgenrum;-KT-;261
1,605;Leo8908;-KT-;261
1,606;Rollo;-KT-;258
1,607;suppo31;-O-;258
1,608;DARKLORD;-O-;252
1,609;ZARZAVAT;PYR;252
1,610;taat;PYR;250
1,611;Herakles-9057;PYR;249
1,612;MarioYahuar17;PYR;249
1,613;Sissi;CRZY;248
1,614;Ginja16;CRZY;244
1,615;paganel;CRZY;241
1,616;Grega3381;CRZY;241
1,617;Zealot;FeVeR;240
1,618;Pisti;FeVeR;236
1,619;ZoeyQueen;M PT;235
1,620;7kalni;M PT;235
1,621;R2D2;M PT;227
1,622;Achilles-6980;M PT;226
1,623;turtle5;ישראל;225
1,624;Noom;ישראל;223
1,625;Carscor;ישראל;214
1,626;Tea;FeVeR;212
1,627;Manqka;FeVeR;210
1,628;Engatsuo;FeVeR;210
1,629;Mangouste;FeVeR;209
1,630;Olivia;MXLAT;207
1,631;olimpiakos7;H3LL;206
1,632;Concrete;H3LL;205
1,633;Menelaus 1;H3LL;201
1,634;JANNAH;R-F;201
1,635;SAKINCALI;İNSAN;199
1,636;7of9;İNSAN;197
1,637;SW_Pang5_S305;BoB;195
1,638;Circassian;HKMDR;192
1,639;Agnonimus;HKMDR;191
1,640;Agamemnon-8433;HKMDR;189
1,641;tomer13463;IDF;188
1,642;Arobed;IDF;186
1,643;free cultural;IDF;186
1,644;shILO;ישראל;185
1,645;Rocha;ישראל;184
1,646;Dar-Lux;ישראל;183
1,647;fedetech;CRZY;183
1,648;gus03;MXLAT;182
1,649;Tydeus-9240;MXLAT;180
;Dragon-Suti;MXLAT;180
1,651;leozaotoledo;CRZY;180
1,652;CLOWN;-BRT-;178
1,653;Osvetnica;-BRT-;175
1,654;AHMETKAAN;-BRT-;173
1,655;Mouzzz;-BRT-;173
1,656;nikollow;-BRT-;173
1,657;Quadesh;CRZY;172
1,658;ferreiro;-RF-;170
1,659;Savictus;-RF-;170
1,660;Atlas-6477;-RF-;168
1,661;Aсhíllеs;-RF-;168
;El Cassouleto;-RF-;168
1,663;Qasimpolis;-RF-;167
1,664;Pollux-7408;HFH;166
1,665;meneyo;HFH;165
1,666;telehombres;HFH;162
1,667;Team892;KaoS;160
1,668;Suse;KaoS;158
1,669;Pro;KaoS;155
1,670;Corydi;KaoS;154
1,671;EvolutionEye;KaoS;152
1,672;Chuck bil;KaoS;151
1,673;Pepega;KaoS;148
1,674;Harry Potter;Spell;147
1,675;destroy;Spell;147
1,676;Scarzen;BoB;146
1,677;Odysseus-7125;-KG-;146
1,678;Atlas-8465;-KG-;146
1,679;Herakles-525989;-KG-;144
1,680;-KALLITHEA-;H3LL;144
;Frank;CRZY;144
1,682;Recep DONEN;CRZY;144
1,683;Dziki;CRZY;143
1,684;Federico;CRZY;140
;Miloooooo;-KG-;140
1,686;Ciep;H3LL;138
1,687;Achilles-3008;H3LL;136
1,688;Atlas-1898;H3LL;134
;The Alphabet;H3LL;134
1,690;Alfa;H3LL;133
1,691;ythsn;H3LL;130
1,692;diesdasniklas;-BRT-;130
1,693;Kratos;-BRT-;128
;clawy;-BRT-;128
1,695;BellCat;Dozzi;128
1,696;Arthropoda;Dozzi;127
1,697;The_Stilt_LV;Dozzi;126
1,698;Palamedes-2022;Dozzi;126
1,699;zarpa;Dozzi;125
1,700;sosu;IDF;124
1,701;Asmen;CRZY;124
1,702;mk3323;CRZY;123
1,703;LaGordita;Tim74;121
1,704;vide;Tim74;121
1,705;Bucan is back;SPlCY;120
;Pastaza;-VIK-;120
1,707;error;-VIK-;119
1,708;Fatmagül;-VIK-;119
1,709;Nostradamus 1;-VIK-;119
1,710;Zues6682;IDF;118
1,711;Alexgrosso;AXI;118
1,712;DoDO_Light;-TR-;117
1,713;Liberec10;-TR-;117
1,714;CAPTAIN ZEOYLAS;H3LL;117
1,715;ΜΙΝΩΑΣ;H3LL;116
1,716;Gallagher;H3LL;112
1,717;Yellowsnake;H3LL;110
1,718;Fai-2048;H3LL;110
1,719;RC___ZC___;H3LL;109
1,720;Adix1404;H3LL;109
1,721;BLACK;LIONS;108
1,722;Pollux-7849;LIONS;108
1,723;ramas;LIONS;108
1,724;Antiochus;-TR-;107
1,725;Lali;H3LL;107
1,726;Sigrid;FeVeR;106
1,727;Javimeca;FeVeR;105
1,728;Palamedes-1569;FaT;104
1,729;Endzam;FaT;104
1,730;Asterix;FaT;100
;turtle2;ישראל;100
;turtle9;ישראל;100
1,733;Sleeping;-SL-;99
;Kamandag;-SL-;99
1,735;Apollon;-SL-;99
1,736;Rockman;-SL-;98
1,737;Okami;-SL-;98
1,738;xExcision420;HFH;98
1,739;aca_faca;HFH;96
1,740;AdrianSIbiu2023;HFH;96
1,741;Nebukadnesar 1;HFH;95
;Uncle Sam;HFH;95
1,743;Giannis Saltas;FLX;95
1,744;Sersansan;FLX;95
1,745;draguixx;HFH;92
1,746;Simeone-5;HFH;91
1,747;TALOS;HFH;91
1,748;Chechens;HFH;90
1,749;Elsa0611;-VIK-;88
1,750;Sawmill3;-VIK-;88
1,751;Minke;;85
1,752;Ulysse;;84
1,753;-хисп-;RUS;84
;Odysseus-3102;RUS;84
1,755;HalimawPH;RUS;83
1,756;Lodur;RUS;83
1,757;Spuuky;RUS;83
1,758;Zanju;RUS;82
;lunar;RUS;82
1,760;avenger4689;Squаd;82
1,761;Kawatan;Squаd;81
1,762;Srdjan;Squаd;81
1,763;faraon;Squаd;80
1,764;Jaehaerys;HOD90;80
;Pasto 1949;BoB;80
;lichi;BoB;80
;-darius-;BoB;80
;EMINENCIA39;BoB;80
1,769;Birador;BoB;79
1,770;Xlord92;HFH;79
1,771;Icarus-9482;HFH;78
1,772;Lord Voldemort;HFH;78
1,773;Fonndø 31;HFH;78
1,774;FanDonald;HFH;77
1,775;JAKAR CT;IDF;76
1,776;Kudurista;Mine;76
1,777;Palamedes-0209;Mine;74
1,778;Pepe one;Mine;74
1,779;Odysseus-9193;Mine;73
1,780;GASPAR;oran;73
1,781;Vivianaaa xD;oran;73
1,782;betom67;oran;72
1,783;Spanakis;oran;72
1,784;DIEGOVOSKIS;oran;72
1,785;ARCTARUS;oran;71
1,786;turtle6;ישראל;71
1,787;JARC_82;ישראל;71
1,788;Kamufle Tospaha;ROHAN;70
1,789;Osama;noobs;70
;MERDO;noobs;70
1,791;Minó2;noobs;70
1,792;Tourist;noobs;70
1,793;Icarus-0386;noobs;70
1,794;Daedalus-2883;DRG;69
1,795;Ancient_24;DRG;69
1,796;Achilles-8235;Mine;68
1,797;Protchy;Mine;67
1,798;Kalman;Mine;67
1,799;Progreso;Mine;64
1,800;Edvis;Mine;64
1,801;Ketaren;;64
1,802;AD7;-ROM-;63
1,803;Rex Neves 1;Ptgl;62
1,804;Bitmens;Ptgl;62
1,805;max_g;Ptgl;61
1,806;XXNataliaXX;Ptgl;60
;Ody24_7;Ptgl;60
;Amr Ali;Ptgl;60
;Efsane Kral1907;Ptgl;60
;Gudul28;Ptgl;60
;DonLevy;Ptgl;60
;Dieguito-BR;Ptgl;60
1,813;Mr Bean;Ptgl;59
1,814;Kum;Ptgl;58
1,815;Nydus;Ptgl;57
1,816;Perseus37;Ptgl;56
;Hegemon-1707;Ptgl;56
;Gengis Khan;Ptgl;56
1,819;Brook6120;Ptgl;55
;دكتور موندو;LIONS;55
;Herakle;LIONS;55
;Odyseus;LIONS;55
1,823;Orpheus-2638;LIONS;54
1,824;SKAVIOR;LIONS;53
1,825;DeathCity93;LIONS;52
1,826;JASOM;LIONS;51
1,827;GreenMinion;LIONS;50
1,828;GolfxRay;H3LL;50
;TB3;H3LL;50
;turtle3;ישראל;50
;Darki13;ישראל;50
1,832;Herakles-8239;ישראל;50
1,833;ALI BABA;ישראל;49
1,834;Noob;ישראל;49
1,835;Alone1;ישראל;49
1,836;Spencer4310;ישראל;49
1,837;Sardoal;ישראל;48
1,838;prometheuss;ישראל;48
1,839;naotao;IDF;48
1,840;Sassa;IDF;47
1,841;Jormasgagas;IDF;46
1,842;kurakuya;IDF;45
;Pichy;IDF;45
;Jorge Orvel;IDF;45
1,845;pinguim;IDF;44
1,846;Icarus-7979;-LT-;44
1,847;Nik;-LT-;42
1,848;Gala;-LT-;42
;NoviSvet;-LT-;42
1,850;PERIERGOS-TYPOS;-LT-;42
1,851;Abreus-1111;;41
1,852;Hegemon-6189;;40
;gockogoc;;40
;OTTTO;HKMDR;40
;Mario Promiscuo;HKMDR;40
;HeraAcc;CRZY;40
;STARS;CRZY;40
;upabxve;CRZY;40
;Toncrd;CRZY;40
;momoli42;CRZY;40
1,861;Bayawak;CRZY;40
;Maryjane;CRZY;40
1,863;ImperatorCabral;CRZY;39
1,864;Joanne;H3LL;39
1,865;Kuki;CRZY;38
;SMCahito;CRZY;38
1,867;Banakon;CRZY;38
1,868;Yuki;CRZY;37
1,869;Parasite;CRZY;37
1,870;Jason-2648;CRZY;36
1,871;ika;CRZY;36
1,872;Max;CRZY;36
1,873;eneska;CRZY;35
1,874;AlexanderLD;CRZY;34
1,875;SirMento;CRZY;34
1,876;Mandirigma;CRZY;34
1,877;red snapper;LHS;33
1,878;Zopacna;LHS;32
;Apaču virsaitis;LHS;32
1,880;Kaco;LHS;31
1,881;FakeTaxi;LHS;31
;Lorven 1925;Nfree;31
;Agamemnon-9078;Nfree;31
1,884;adios pangaia;Nfree;31
1,885;Prometheus-7685;Nfree;31
1,886;Atlas-7185;Nfree;30
1,887;WillBorn;Nfree;30
1,888;Mertojak;Nfree;30
;Meiker;RŽB;30
1,890;Lotos;RŽB;30
;nicolasestoquin;RŽB;30
1,892;Hegemon-8678;RŽB;29
;SEIRIOS;H3LL;29
1,894;Ad_Rem;H3LL;29
1,895;kalimba;H3LL;28
1,896;HERCULEZ;H3LL;28
;PBernas24;H3LL;28
1,898;kewSOn;H3LL;28
1,899;leozaotoledoo;H3LL;27
1,900;Pablo752;H3LL;27
1,901;mamuto11;;26
1,902;Baunilha;RIP;26
1,903;BAMBAHyeah;CDM;25
;SIRIO;H3LL;25
1,905;tim;FaT;25
;Николай 1985;RUS;25
;SALAMA;RUS;25
;Bertong Kwetis;RUS;25
;Cajatambo;-VIK-;25
;Together;-VIK-;25
;STON;-VIK-;25
1,912;Kobre;-VIK-;25
1,913;Lief;-VIK-;24
;FATSEAS;-GR-;24
1,915;Pedrinho;-VIK-;24
1,916;BillusBotus;-VIK-;23
1,917;Ayrton2710;-VIK-;22
1,918;Ricky_bos;-VIK-;22
1,919;Zdzichu;FaT;22
1,920;TERSO HARUN;FaT;22
;James-1996;FaT;22
1,922;Somebody;FaT;21
1,923;VN_CHOlZl;-VIK-;20
;Bogdan;-VIK-;20
;Alparslan199;-VIK-;20
;DzipCz;-BRT-;20
;Sayan;-VIK-;20
;Borgia;-VIK-;20
;lacuna;-VIK-;20
;theseus3;-VIK-;20
;Signvs2;-VIK-;20
1,932;MEO;-VIK-;19
;EL CHAPO560;-VIK-;19
1,934;PELA222;-VIK-;18
1,935;Αсhillеs;-VIK-;18
;BARS;-VIK-;18
;Марко Арнаут;-VIK-;18
1,938;Mimmolos;-VIK-;18
1,939;MrDN;IDF;16
;thanasis;IDF;16
1,941;Zegri;IDF;16
1,942;Linkine;IDF;15
1,943;Adaira07;IDF;15
;Pucallpa;-VIK-;15
;Akis;-VIK-;15
;Blacky Rivera;-VIK-;15
;YuriOrlov;F-R;15
;-ATENA-;F-R;15
;Chalhuahuacho;-VIK-;15
;Pueblo Supe;-VIK-;15
1,951;Jason-1129;;15
;MAKIS;;15
;Miss;;15
;aniatka;;15
1,955;Delfrate;;15
1,956;Adonis-3705127;;14
1,957;Salazar;CDM;14
;Demeter;CDM;14
;Atlas-5682;CDM;14
1,960;Cie;H3LL;13
1,961;braucejs;H3LL;13
1,962;Menelaus-2832;ROHAN;12
;Kara;HKMDR;12
;Karding Sungkit;HKMDR;12
;SilverMask;LIONS;12
;player32;DFN;12
1,967;sakeador;MXLAT;12
;Hegemon-6016;MXLAT;12
;Agamemnon-7011;MXLAT;12
1,970;خالد بن الوليد2;MXLAT;11
;Peleón422;-UNI-;11
;Naofumi;-UNI-;11
1,973;happyfake;-UNI-;11
1,974;Walos YA;-UNI-;11
1,975;Athena;-UNI-;10
;OverMinD;ZELA;10
1,977;Atila;ZELA;10
1,978;Vigilanti3;ZELA;10
;Pečka;ZELA;10
;Salih Emre Terz;ZELA;10
;smoky;ZELA;10
;signvs1;ZELA;10
;Zinka;HivE;10
;Men of steel;HivE;10
;ακισ;HivE;10
;Vigilanti2;HivE;10
;Olórin 3;HivE;10
;Pera;RIP;10
;Brother;RIP;10
;Rammstein;RIP;10
;Achilles-274502;RIP;10
;Gear2001;RIP;10
;Farmland3;RIP;10
1,994;Aldorin;RIP;10
1,995;makiix;RIP;10
1,996;Tango;-SL-;9
1,997;Jason-7601;-SL-;9
1,998;PTcranio;-SL-;9
1,999;janis 80;-SL-;8
;kiko;-SL-;8
